case_path	generator_sha256	packaged_sha256	packaging_transform	archive_member	archive_byte_match	pair_byte_match	origin	source_pin	source_locator	license_basis
RTL/deps/MMIOBridgeEntry.sv	2e42acb5aec9768a50a0c344826efd82b103b455be86de5a2947c5de45e4c999	1a9a2f964a6aa9082169c4623566ff316a89f95adcaced6d8a974ac379a2b39b	trim-extra-eof-newline	./MMIOBridgeEntry.sv	no	yes	OpenXiangShan/XSCache	54a2a7527f7366e3cb3fe378b1f1e92f18cbf33f	src/main/scala/coupledL2/MMIOBridge.scala:69:7	Mulan-PSL-2.0
RTL/deps/MMIOBridgeEntry_2.sv	9ef3866571120ad0f22a887e81ef9c4f890984a88edac34ff002f7c7df36fd5f	12fe6c610e6e9d534fb07f52e9b2c46d18237aa4316ad5233bb0d8da0df5b200	trim-extra-eof-newline	./MMIOBridgeEntry_2.sv	no	yes	OpenXiangShan/XSCache	54a2a7527f7366e3cb3fe378b1f1e92f18cbf33f	src/main/scala/coupledL2/MMIOBridge.scala:69:7	Mulan-PSL-2.0
RTL/deps/MMIOBridgeEntry_4.sv	f60438e273af3077b67e3aa856b907c82bf874b5834134b07c343c76307c47f4	2977343a0fe51f8916a8298f1700181898e97adba8b15410c0ace976081363d3	trim-extra-eof-newline	./MMIOBridgeEntry_4.sv	no	yes	OpenXiangShan/XSCache	54a2a7527f7366e3cb3fe378b1f1e92f18cbf33f	src/main/scala/coupledL2/MMIOBridge.scala:69:7	Mulan-PSL-2.0
RTL/deps/MMIOBridgeEntry_8.sv	b628c9e7918c02f29dbb5a5310dea5e6205814b1ff915013159b6394cf46cb99	109332558f61e60653c1dbe7821b7893f9e037da1f3d0628207d73c60d37313b	trim-extra-eof-newline	./MMIOBridgeEntry_8.sv	no	yes	OpenXiangShan/XSCache	54a2a7527f7366e3cb3fe378b1f1e92f18cbf33f	src/main/scala/coupledL2/MMIOBridge.scala:69:7	Mulan-PSL-2.0
RTL/deps/FastArbiter_2.sv	a51cc590d8f32b4345d221006da7b29d51258a9bae7d5407d58f92f72373eedc	d008127dc7cd23b204041e601dedac1e1c74c27724d77bd0867c31c2559cb080	trim-extra-eof-newline	./FastArbiter_2.sv	no	yes	OpenXiangShan/Utility	bab34605babce74732f7f441c5d126a0869285bd	src/main/scala/utility/FastArbiter.scala:30:7	Mulan-PSL-2.0 (per-file notice; repository has no root LICENSE at pin)
RTL/deps/TwoLevelRRArbiter_1.sv	f93e3f1f653ac742f83cf54a13a40f27512327797748999e459ca8552fe7d679	691a7844ba3fd8a281dc36eddd8c7daef00e95dbfa79159042b0d3d05afa8f27	trim-extra-eof-newline	./TwoLevelRRArbiter_1.sv	no	yes	OpenXiangShan/Utility	bab34605babce74732f7f441c5d126a0869285bd	src/main/scala/utility/FastArbiter.scala:108:7	Mulan-PSL-2.0 (per-file notice; repository has no root LICENSE at pin)
RTL/deps/Arbiter16_CHIDAT.sv	d6c5806657ffeb6f9bb45c853712af17d2fda276656732fc86dcd3ef740fd5c8	61cedf8d43d55d6c3065cf921596d4802655b616ff220c5cbaca0ef6ffd77df0	trim-extra-eof-newline	./Arbiter16_CHIDAT.sv	no	yes	chipsalliance/chisel	v7.3.0@42f1a1e1a9f6bbf940344113da155d77499dcaa7	src/main/scala/chisel3/util/Arbiter.scala:149:7	Apache-2.0
RTL/deps/Arbiter16_TLBundleD.sv	783a9534dc494bdd5e870884d691493b42fd723c55104135dc0f2954dee8807f	1708613f3168f82426263a25477acb15e41fa50ef8c24c7e914cd4e85ff08a77	trim-extra-eof-newline	./Arbiter16_TLBundleD.sv	no	yes	chipsalliance/chisel	v7.3.0@42f1a1e1a9f6bbf940344113da155d77499dcaa7	src/main/scala/chisel3/util/Arbiter.scala:149:7	Apache-2.0
RTL/deps/MMIOBridge.sv	56bcdd4209c058bca6e52db8f8fb8b0d4ad407ed8b06ddc8aa598fe7063c5ee4	2f3f21678b64c6d2da17924d7653f0013973e90a9828e79dc8f99406bfba1805	trim-extra-eof-newline	./MMIOBridge.sv	no	yes	OpenXiangShan/XSCache	54a2a7527f7366e3cb3fe378b1f1e92f18cbf33f	src/main/scala/coupledL2/MMIOBridge.scala:345:7	Mulan-PSL-2.0
RTL/deps/DelayQueue.sv	c007063b555340293d6d3e035b283a0f1e494dea28ce81280f302aab23669961	aeca61575e71cc1ac30cc86434ee91941144a5532183c18002852fc0f2da6564	trim-extra-eof-newline	./DelayQueue.sv	no	yes	OpenXiangShan/XSCache	54a2a7527f7366e3cb3fe378b1f1e92f18cbf33f	src/main/scala/coupledL2/prefetch/BestOffsetPrefetch.scala:612:7	Mulan-PSL-2.0
RTL/deps/sram_array_1p256x13m13s1h0l1b_l2_pftch_rrt.sv	1fc290cf8f5b13a3b4395ff023625111a67cb1a65f6dca5690598535386ca3d3	48b83dd3dd32d90b5d1a150578adae43625526f35bc2e42b8f5fce733832b1d8	trim-extra-eof-newline	./sram_array_1p256x13m13s1h0l1b_l2_pftch_rrt.sv	no	yes	OpenXiangShan/Utility	bab34605babce74732f7f441c5d126a0869285bd	src/main/scala/utility/sram/SramProto.scala:99:2	Mulan-PSL-2.0 (per-file notice; repository has no root LICENSE at pin)
RTL/deps/SRAMTemplate_239.sv	2f91c768256c0bbab81a39eeafcd744068dad5ce7df8ca65929236283175e76b	293a772bff66890a77fe079d7d6c46042de610aedafea95e8759a265102eeb79	trim-extra-eof-newline	./SRAMTemplate_239.sv	no	yes	OpenXiangShan/Utility	bab34605babce74732f7f441c5d126a0869285bd	src/main/scala/utility/sram/SRAMTemplate.scala:203:7	Mulan-PSL-2.0 (per-file notice; repository has no root LICENSE at pin)
RTL/deps/RecentRequestTable.sv	7c215d84a0bd7c16c85422ef465fa592b65dbdcab9b3dee6a02607df42cfacf1	8569a0206d6642e755835199a5f0c0f925dcc4e954e023e3b82f76e02b8e1ea3	trim-extra-eof-newline	./RecentRequestTable.sv	no	yes	OpenXiangShan/XSCache	54a2a7527f7366e3cb3fe378b1f1e92f18cbf33f	src/main/scala/coupledL2/prefetch/BestOffsetPrefetch.scala:152:7	Mulan-PSL-2.0
RTL/deps/OffsetScoreTable.sv	18c3bbb783e472d4f1d2234d2a45f5f5e71e0b35770de865abbb97a0c1deaf94	c84b02ffc6ebf80b17c28a9d59a1882502cfbf5161329d3a5a836e645bf9ec41	trim-extra-eof-newline	./OffsetScoreTable.sv	no	yes	OpenXiangShan/XSCache	54a2a7527f7366e3cb3fe378b1f1e92f18cbf33f	src/main/scala/coupledL2/prefetch/BestOffsetPrefetch.scala:226:7	Mulan-PSL-2.0
RTL/deps/PBestOffsetPrefetch.sv	33deaaef81d6bdc0c8d3af8b1cadd47b6dcd9fe8b5f95fb70869f17ff846eef7	b6bb709e0261710632f0238e171e5bd38802b32f44006c3e47cf99d278440334	trim-extra-eof-newline	./PBestOffsetPrefetch.sv	no	yes	OpenXiangShan/XSCache	54a2a7527f7366e3cb3fe378b1f1e92f18cbf33f	src/main/scala/coupledL2/prefetch/BestOffsetPrefetch.scala:812:7	Mulan-PSL-2.0
RTL/deps/DelayQueue_1.sv	d59740394465cc70adecf083135acbb0da27136f2bdd7de7157f04e4c616f816	44f8bba3119250ca750047f0d389431afc43618121dbdc1bafde06f1e0f0e886	trim-extra-eof-newline	./DelayQueue_1.sv	no	yes	OpenXiangShan/XSCache	54a2a7527f7366e3cb3fe378b1f1e92f18cbf33f	src/main/scala/coupledL2/prefetch/BestOffsetPrefetch.scala:612:7	Mulan-PSL-2.0
RTL/deps/RecentRequestTable_1.sv	97ca2affc63444239f3bdde6e526351a12d4aeb61a0945c95dc6b00be7ac008d	80bd941b394f910219f07c0c3dea06d1820c35aade93db98fc3a1f1f75bf2971	trim-extra-eof-newline	./RecentRequestTable_1.sv	no	yes	OpenXiangShan/XSCache	54a2a7527f7366e3cb3fe378b1f1e92f18cbf33f	src/main/scala/coupledL2/prefetch/BestOffsetPrefetch.scala:152:7	Mulan-PSL-2.0
RTL/deps/OffsetScoreTable_1.sv	c5ca7e1ef371aeddbe84298ded628a09e5c68e478e815197fe679a35f164e818	4fd4badd221690928085f8393ed572f8423420a3b2c4a32c652754d762aa8ad6	trim-extra-eof-newline	./OffsetScoreTable_1.sv	no	yes	OpenXiangShan/XSCache	54a2a7527f7366e3cb3fe378b1f1e92f18cbf33f	src/main/scala/coupledL2/prefetch/BestOffsetPrefetch.scala:226:7	Mulan-PSL-2.0
RTL/deps/FastArbiter_4.sv	bfc22aaa80c877eb8c97b1065235ef19ef0928f1d18ac6cca4217fce6301bca1	1728bb7d009a1d79661d73be7129a784e57ed2e97e4b77dee7adb3901f9babe6	trim-extra-eof-newline	./FastArbiter_4.sv	no	yes	OpenXiangShan/Utility	bab34605babce74732f7f441c5d126a0869285bd	src/main/scala/utility/FastArbiter.scala:30:7	Mulan-PSL-2.0 (per-file notice; repository has no root LICENSE at pin)
RTL/deps/TwoLevelRRArbiter_2.sv	18d0df95fc0bfc70d367682209d2acc39928d13a67c949d3a80ac24fa9772a58	98335b2f66ca6299f07fc2125b15b7583c040f97b1279a50f5d89f6b66c7125f	trim-extra-eof-newline	./TwoLevelRRArbiter_2.sv	no	yes	OpenXiangShan/Utility	bab34605babce74732f7f441c5d126a0869285bd	src/main/scala/utility/FastArbiter.scala:108:7	Mulan-PSL-2.0 (per-file notice; repository has no root LICENSE at pin)
RTL/deps/FastArbiter_6.sv	aeed517b1792c51e0161b5177f18370ce600bf9dbf5253df136ca5a6184292c9	4a8b3231c53c1d4c5d6c08b0c71ddd282649f3146b107537cbb56fac733335f0	trim-extra-eof-newline	./FastArbiter_6.sv	no	yes	OpenXiangShan/Utility	bab34605babce74732f7f441c5d126a0869285bd	src/main/scala/utility/FastArbiter.scala:30:7	Mulan-PSL-2.0 (per-file notice; repository has no root LICENSE at pin)
RTL/deps/TwoLevelRRArbiter_3.sv	4a88f88b1b42cc335b65c3f6de70df9f3bbabb578f4e71fdac281c98c4a8f4f0	75de88372abffc8fc284d80660c546283241c08b84c99fb0ac438225788d00de	trim-extra-eof-newline	./TwoLevelRRArbiter_3.sv	no	yes	OpenXiangShan/Utility	bab34605babce74732f7f441c5d126a0869285bd	src/main/scala/utility/FastArbiter.scala:108:7	Mulan-PSL-2.0 (per-file notice; repository has no root LICENSE at pin)
RTL/deps/PrefetchReqBuffer.sv	b707585ba371b89b7d1dd1aeb657180b65b37db52a09087685a02a823e705209	71ff1d0f2d47e008693911acebed68188f9da14a94f035ed1b34f61dc86b7062	trim-extra-eof-newline	./PrefetchReqBuffer.sv	no	yes	OpenXiangShan/XSCache	54a2a7527f7366e3cb3fe378b1f1e92f18cbf33f	src/main/scala/coupledL2/prefetch/BestOffsetPrefetch.scala:410:7	Mulan-PSL-2.0
RTL/deps/VBestOffsetPrefetch.sv	f610238446e1828a4bccf54f3e1b32038e1613f237d4d493f7e6510208132c0e	03497c5868fc25960539fb89d3d3257fa858187cc32d7c79a003c5d9b8847362	trim-extra-eof-newline	./VBestOffsetPrefetch.sv	no	yes	OpenXiangShan/XSCache	54a2a7527f7366e3cb3fe378b1f1e92f18cbf33f	src/main/scala/coupledL2/prefetch/BestOffsetPrefetch.scala:682:7	Mulan-PSL-2.0
RTL/deps/FastArbiter_8.sv	6a21af2e53adc172ad9180e357677182723d0c78587f2a38bf6fc345eac60ca8	8190437e7818918712a747c146b05b9e0e0a9d2f60b2aae1103484adafe52905	trim-extra-eof-newline	./FastArbiter_8.sv	no	yes	OpenXiangShan/Utility	bab34605babce74732f7f441c5d126a0869285bd	src/main/scala/utility/FastArbiter.scala:30:7	Mulan-PSL-2.0 (per-file notice; repository has no root LICENSE at pin)
RTL/deps/FastArbiter_9.sv	a25a6f8568363da4c5ef91941278bc38fd012f258b33343e8c865e925a70baa2	089c715bca77c86e79bb7b6aab888914c82d90b1e28c08aea90a9a45a1d0dfd8	trim-extra-eof-newline	./FastArbiter_9.sv	no	yes	OpenXiangShan/Utility	bab34605babce74732f7f441c5d126a0869285bd	src/main/scala/utility/FastArbiter.scala:30:7	Mulan-PSL-2.0 (per-file notice; repository has no root LICENSE at pin)
RTL/deps/MbistPipeL2Prefetcher.sv	6776eaacccce4d38dbc669a4820f8e53b6916f985d0c20a47c802603bbe41155	c8c5aab68511110a573ded297d91189657de32092b720efc52ee1f25f321e389	trim-extra-eof-newline	./MbistPipeL2Prefetcher.sv	no	yes	OpenXiangShan/Utility	bab34605babce74732f7f441c5d126a0869285bd	src/main/scala/utility/mbist/MbistPipeline.scala:164:7	Mulan-PSL-2.0 (per-file notice; repository has no root LICENSE at pin)
RTL/deps/OverwriteQueue.sv	c630e1005ffd7f54b6efbb53bcf0f61bc7d70b73b58169a6ee3323d388689684	628bdcca6c4479d3e128c6c9e9e66b01f0b9c9c30d09bff87e6075548ab48b90	trim-extra-eof-newline	./OverwriteQueue.sv	no	yes	OpenXiangShan/XSCache	54a2a7527f7366e3cb3fe378b1f1e92f18cbf33f	src/main/scala/coupledL2/utils/OverwriteQueue.scala:34:7	Mulan-PSL-2.0
RTL/deps/Queue1_PrefetchReq.sv	8e93aa948cf3dfde63c0a31c5c17e0729cdc9ae77784fcd5afae34566485a87f	d216ba38adfe26a4f20f89241fd4c79a5ea7ad53822ad08e86e78880dd44ded1	trim-extra-eof-newline	./Queue1_PrefetchReq.sv	no	yes	chipsalliance/chisel	v7.3.0@42f1a1e1a9f6bbf940344113da155d77499dcaa7	src/main/scala/chisel3/util/Queue.scala:60:7	Apache-2.0
RTL/deps/Pipeline_5.sv	3ee7bedc3471a14658abd7f850c2f697c9f3a20bafa2e739db7bee8212856cbb	0b7c6088b4f055b854d923f3641d171fc1c02a0a5640e31ea70533c9a0c59270	trim-extra-eof-newline	./Pipeline_5.sv	no	yes	OpenXiangShan/Utility	bab34605babce74732f7f441c5d126a0869285bd	src/main/scala/utility/Pipeline.scala:22:7	Mulan-PSL-2.0 (per-file notice; repository has no root LICENSE at pin)
RTL/deps/Prefetcher.sv	5731035fe8d7c3a8a8264c9b10a0dcacdbc42a3a7b59fe4d6e8eb40f1fc15c43	503250e13313d2c3525ed0368abf986f5af8a089ac77f1c560fd6d50e2233c65	trim-extra-eof-newline	./Prefetcher.sv	no	yes	OpenXiangShan/XSCache	54a2a7527f7366e3cb3fe378b1f1e92f18cbf33f	src/main/scala/coupledL2/prefetch/Prefetcher.scala:197:7	Mulan-PSL-2.0
RTL/deps/SinkA.sv	0aa3e79b1ade11d5561a1f7606c1117149c8b57a23d81cecab6f721a3294af50	7f58521ed8ff6a9971aae5304fcc04cdaf40df44873dec85069330a9f97ad35e	trim-extra-eof-newline	./SinkA.sv	no	yes	OpenXiangShan/XSCache	54a2a7527f7366e3cb3fe378b1f1e92f18cbf33f	src/main/scala/coupledL2/SinkA.scala:30:7	Mulan-PSL-2.0
RTL/deps/FastArbiter_10.sv	59b007eb0456d46710ff8c91f9c5cb804f3514e1e4853ed402487d737b6e78ac	0d442e1322b262d72a75fd03954861889bd3e688a0ff0328d9c5d136317304a9	trim-extra-eof-newline	./FastArbiter_10.sv	no	yes	OpenXiangShan/Utility	bab34605babce74732f7f441c5d126a0869285bd	src/main/scala/utility/FastArbiter.scala:30:7	Mulan-PSL-2.0 (per-file notice; repository has no root LICENSE at pin)
RTL/deps/TwoLevelRRArbiter_4.sv	c5e0a4f30c5e25d57ddd2196c819409de9e768619ddec05a3c308027d2787fdb	9cbfd8ae08f573d45ed665eebcc2a0da1b4310b5dc8d221461a3c97f2cb151a7	trim-extra-eof-newline	./TwoLevelRRArbiter_4.sv	no	yes	OpenXiangShan/Utility	bab34605babce74732f7f441c5d126a0869285bd	src/main/scala/utility/FastArbiter.scala:108:7	Mulan-PSL-2.0 (per-file notice; repository has no root LICENSE at pin)
RTL/deps/SinkC.sv	c045b007eefaa4166c3a22617e88b9a2707535ba3be75ca424cdeb4605404508	cf6b2dc2265c7a215a21a0269148baab2effe58c1a5ab3ff2a9d7f36cdc625ac	trim-extra-eof-newline	./SinkC.sv	no	yes	OpenXiangShan/XSCache	54a2a7527f7366e3cb3fe378b1f1e92f18cbf33f	src/main/scala/coupledL2/SinkC.scala:36:7	Mulan-PSL-2.0
RTL/deps/ram_16x25.sv	525d5c4c52719674534309db8447c3cf68ed1118937df992311ae6900db33f1a	1644aee47d44d5df376c890330b6609b42cd7e08c617dc88c62d120f9c534393	trim-extra-eof-newline	./ram_16x25.sv	no	yes	CIRCT memory lowering from Chisel Queue	chipsalliance/chisel@42f1a1e1a9f6bbf940344113da155d77499dcaa7; llvm/circt@4d750dbb2971d5f97e2fc48c700e01e460a5bdc8	src/main/scala/chisel3/util/Queue.scala (parent Queue module; generated memory has no direct FIR locator)	Apache-2.0 (Queue.scala source)
RTL/deps/Queue16_GrantQueueTask.sv	f28d791af7c2d23bbe7060a21a9a90127d3bc0dfead623a89ac692721c8a16db	6797f8c3449cbe39e5173fb39efb35b6f13a312abe9884d8dd17d9b937576638	trim-extra-eof-newline	./Queue16_GrantQueueTask.sv	no	yes	chipsalliance/chisel	v7.3.0@42f1a1e1a9f6bbf940344113da155d77499dcaa7	src/main/scala/chisel3/util/Queue.scala:60:7	Apache-2.0
RTL/deps/ram_data_16x256.sv	4ddd0342605892f6e24706a625a3540c07778b0a825ea941bca34304d7b2fdf8	397a763d4daa315de504987c76dbc0f04d3df588f1cd072f33d9f723f18ebaad	trim-extra-eof-newline	./ram_data_16x256.sv	no	yes	CIRCT memory lowering from Chisel Queue	chipsalliance/chisel@42f1a1e1a9f6bbf940344113da155d77499dcaa7; llvm/circt@4d750dbb2971d5f97e2fc48c700e01e460a5bdc8	src/main/scala/chisel3/util/Queue.scala (parent Queue module; generated memory has no direct FIR locator)	Apache-2.0 (Queue.scala source)
RTL/deps/Queue16_GrantQueueData.sv	88a56fcf216a4d4874d4535d092bc1fac5db6fe73543d06f5c5a1d7fb8aa6fb4	843ba5cc5c34675f3a4cd58d1048360ad4cf5c45e94dceaf361e5d954afc8e9f	trim-extra-eof-newline	./Queue16_GrantQueueData.sv	no	yes	chipsalliance/chisel	v7.3.0@42f1a1e1a9f6bbf940344113da155d77499dcaa7	src/main/scala/chisel3/util/Queue.scala:60:7	Apache-2.0
RTL/deps/Queue10_GrantBuffer_Anon.sv	4e3f2210e513b5038fdfee33b8f7e5dce3e7e8544a3e07e35dd901ecc2d7414e	664a5354852308633bad093a1fd6eb364315bfe993b7f017bb4b5b057aaaf2a1	trim-extra-eof-newline	./Queue10_GrantBuffer_Anon.sv	no	yes	chipsalliance/chisel	v7.3.0@42f1a1e1a9f6bbf940344113da155d77499dcaa7	src/main/scala/chisel3/util/Queue.scala:60:7	Apache-2.0
RTL/deps/GrantBuffer.sv	43c50f938ef21d7a9115ac17be3cc5c678bec48217b49de7fa2a9244bdcddab4	449e78b2a0a56a632b3cde7d37e9912800dd34cae287cadec814a3e80e3b2f79	trim-extra-eof-newline	./GrantBuffer.sv	no	yes	OpenXiangShan/XSCache	54a2a7527f7366e3cb3fe378b1f1e92f18cbf33f	src/main/scala/coupledL2/GrantBuffer.scala:59:7	Mulan-PSL-2.0
RTL/deps/ram_16x148.sv	d4518c41257396d14d3386a3fb401e5449b3773bcd0a833406596de76b297cdc	fc880ec7c2ae9f6641a6b408dde3043714c2e04d5d6a254acdcaf67c5ddee2b8	trim-extra-eof-newline	./ram_16x148.sv	no	yes	CIRCT memory lowering from Chisel Queue	chipsalliance/chisel@42f1a1e1a9f6bbf940344113da155d77499dcaa7; llvm/circt@4d750dbb2971d5f97e2fc48c700e01e460a5bdc8	src/main/scala/chisel3/util/Queue.scala (parent Queue module; generated memory has no direct FIR locator)	Apache-2.0 (Queue.scala source)
RTL/deps/Queue16_CHIREQ.sv	23745eb68e9c5dccf622fa96f7d8b2d29dd35e57aedcfdc42dc60c677fd70237	a05df2b1a45be6dfbbc99f7f28bc3ee913c5a4844e0fdc9306b6488d411d999a	trim-extra-eof-newline	./Queue16_CHIREQ.sv	no	yes	chipsalliance/chisel	v7.3.0@42f1a1e1a9f6bbf940344113da155d77499dcaa7	src/main/scala/chisel3/util/Queue.scala:60:7	Apache-2.0
RTL/deps/TXREQ.sv	539451ab0e906880d1eb208d282dfd1a1de321aa11d25ff33ade1e8a82d82945	86a5512445ce769d6886cb7fac51629bf54d72776b07668a9095536e28742178	trim-extra-eof-newline	./TXREQ.sv	no	yes	OpenXiangShan/XSCache	54a2a7527f7366e3cb3fe378b1f1e92f18cbf33f	src/main/scala/coupledL2/TXREQ.scala:33:7	Mulan-PSL-2.0
RTL/deps/ram_16x78.sv	83efab9933b900293accf74ca39d4807c43d33f058be5c21f60f7c9aaf94b9c0	d46a3c3a7dbd20fb80c1392360a45295ae36c564f2447e952e974d53a7ec999c	trim-extra-eof-newline	./ram_16x78.sv	no	yes	CIRCT memory lowering from Chisel Queue	chipsalliance/chisel@42f1a1e1a9f6bbf940344113da155d77499dcaa7; llvm/circt@4d750dbb2971d5f97e2fc48c700e01e460a5bdc8	src/main/scala/chisel3/util/Queue.scala (parent Queue module; generated memory has no direct FIR locator)	Apache-2.0 (Queue.scala source)
RTL/deps/Queue16_TaskBundle.sv	85785ab1c49cda58f06fb0f894a22e144366f02f37b9c531c4acc5d4dcc6c87e	800353244eb571233f9c9ee5f25ae8d49dea4d4347162e92f69aecb00edaa8bd	trim-extra-eof-newline	./Queue16_TaskBundle.sv	no	yes	chipsalliance/chisel	v7.3.0@42f1a1e1a9f6bbf940344113da155d77499dcaa7	src/main/scala/chisel3/util/Queue.scala:60:7	Apache-2.0
RTL/deps/Queue16_DSBeat.sv	1f74f5674e9d6173f13dec034cd93e7948a576836e108fe8714b8656706adf57	01e5c098f6778e989414f75e890187d8f180705e83edbf354f2a867f144f436d	trim-extra-eof-newline	./Queue16_DSBeat.sv	no	yes	chipsalliance/chisel	v7.3.0@42f1a1e1a9f6bbf940344113da155d77499dcaa7	src/main/scala/chisel3/util/Queue.scala:60:7	Apache-2.0
RTL/deps/TXDAT.sv	664f9f3cfb7ce149492c2989e9f2c112ecc1df62710c76e2af44036862aaaa42	3ed9034a9b03068809bc3b37824eb80c5244fe222a0c8444141ad07ceae8aa9b	trim-extra-eof-newline	./TXDAT.sv	no	yes	OpenXiangShan/XSCache	54a2a7527f7366e3cb3fe378b1f1e92f18cbf33f	src/main/scala/coupledL2/TXDAT.scala:34:7	Mulan-PSL-2.0
RTL/deps/ram_16x73.sv	c3daf17a2f68863879f4235b2d949a14e1a658d984a6e241abe3ef79940c8408	46655030d387f888afd6dc7d205b8be2c4d401c752bc90f64c1633d609ccc60e	trim-extra-eof-newline	./ram_16x73.sv	no	yes	CIRCT memory lowering from Chisel Queue	chipsalliance/chisel@42f1a1e1a9f6bbf940344113da155d77499dcaa7; llvm/circt@4d750dbb2971d5f97e2fc48c700e01e460a5bdc8	src/main/scala/chisel3/util/Queue.scala (parent Queue module; generated memory has no direct FIR locator)	Apache-2.0 (Queue.scala source)
RTL/deps/Queue16_CHIRSP.sv	e1a8335076745771af524985075249243efb399cc0161833c5c7073d26c03cd2	fb3ac60ab739a64a87845b7dc62b3ec1118af861dd55b6e412c884436cc551bf	trim-extra-eof-newline	./Queue16_CHIRSP.sv	no	yes	chipsalliance/chisel	v7.3.0@42f1a1e1a9f6bbf940344113da155d77499dcaa7	src/main/scala/chisel3/util/Queue.scala:60:7	Apache-2.0
RTL/deps/TXRSP.sv	f225d3494d6856301538de22e51e2e3272a40cd34878c9afafd799269495c6d7	ec8ba24bd2e7ac22e4c2c598fabbad11999fc544b3fb686c781312f11f066492	trim-extra-eof-newline	./TXRSP.sv	no	yes	OpenXiangShan/XSCache	54a2a7527f7366e3cb3fe378b1f1e92f18cbf33f	src/main/scala/coupledL2/TXRSP.scala:33:7	Mulan-PSL-2.0
RTL/deps/ram_2x98.sv	e0696c9df5991f7a1605cd79865aa9273ab8cb3adbb7d5ce50ff781fe00acb45	34dddbdca0a32aa682bd777e1a3edb7012133bc6e73553fe9957dbf2d54ec446	trim-extra-eof-newline	./ram_2x98.sv	no	yes	CIRCT memory lowering from Chisel Queue	chipsalliance/chisel@42f1a1e1a9f6bbf940344113da155d77499dcaa7; llvm/circt@4d750dbb2971d5f97e2fc48c700e01e460a5bdc8	src/main/scala/chisel3/util/Queue.scala (parent Queue module; generated memory has no direct FIR locator)	Apache-2.0 (Queue.scala source)
RTL/deps/Queue2_CHISNP.sv	a7793b85e95f7b23008bf976c8f08e4673fcaf61092f152a9519e21bf74fb370	8a0d9a831f21de53e29de8e48ad9af82165aa3a1faa2eb36de2640e09dbb7b70	trim-extra-eof-newline	./Queue2_CHISNP.sv	no	yes	chipsalliance/chisel	v7.3.0@42f1a1e1a9f6bbf940344113da155d77499dcaa7	src/main/scala/chisel3/util/Queue.scala:60:7	Apache-2.0
RTL/deps/RXSNP.sv	eb9fbaedd21a56efebf8771b22ee45cf279ec2a89ca3d6e380dec580c0b89cc9	c9eef96b33f0b37c37523428080151ae1d1a690cadbda6ced46fd9c86153ef51	trim-extra-eof-newline	./RXSNP.sv	no	yes	OpenXiangShan/XSCache	54a2a7527f7366e3cb3fe378b1f1e92f18cbf33f	src/main/scala/coupledL2/RXSNP.scala:29:7	Mulan-PSL-2.0
RTL/deps/RXDAT.sv	c2be059ff547fd20c21ec3dbb4d540aa8a1376ba33c52ddaf6f24ff3387b44d1	1d8209b3a96949d27559c30bd923054034e89d8fa71f62d81cb12e498ccb1104	trim-extra-eof-newline	./RXDAT.sv	no	yes	OpenXiangShan/XSCache	54a2a7527f7366e3cb3fe378b1f1e92f18cbf33f	src/main/scala/coupledL2/RXDAT.scala:27:7	Mulan-PSL-2.0
RTL/deps/RXRSP.sv	b33579be3f0c0b4f0964a9420521b0f3ccf2d8c65b7202e97e9ad600a702071c	28b4aaf90a2b4ca3ad73ea8012314a3bef8c2cd5dad007f1bd793427c56bca48	trim-extra-eof-newline	./RXRSP.sv	no	yes	OpenXiangShan/XSCache	54a2a7527f7366e3cb3fe378b1f1e92f18cbf33f	src/main/scala/coupledL2/RXRSP.scala:27:7	Mulan-PSL-2.0
RTL/deps/sram_array_1p256x164m41s1h0l1b_l2_tag.sv	3b107e57dd31214ea4d6a8fef2aac7255f811ba83d0fb0af8261c585855cfc8c	571270ecc32ea4c8b1c79d702394fbba159490eaa153622f2e3fa3daa2962094	trim-extra-eof-newline	./sram_array_1p256x164m41s1h0l1b_l2_tag.sv	no	yes	OpenXiangShan/Utility	bab34605babce74732f7f441c5d126a0869285bd	src/main/scala/utility/sram/SramProto.scala:99:2	Mulan-PSL-2.0 (per-file notice; repository has no root LICENSE at pin)
RTL/deps/SRAMTemplate_241.sv	3133b82ab38bb18096e428fda78333780f90d8782d20373c72d0a4f4d3e98e49	54dd61cc3c476c4aecca5315015377f889ed7d33680c520137e0a67a50fec683	trim-extra-eof-newline	./SRAMTemplate_241.sv	no	yes	OpenXiangShan/Utility	bab34605babce74732f7f441c5d126a0869285bd	src/main/scala/utility/sram/SRAMTemplate.scala:203:7	Mulan-PSL-2.0 (per-file notice; repository has no root LICENSE at pin)
RTL/deps/SplittedSRAM_3.sv	a2762d96dfee93ecb09249b3b826fc07511d3b1b0d43d3a2f445ac87e6095b1a	6797cff1aac78b042e8f020b6a3df8e44ed71cc7bc27b8eaaa0046cef671650f	trim-extra-eof-newline	./SplittedSRAM_3.sv	no	yes	OpenXiangShan/XSCache	54a2a7527f7366e3cb3fe378b1f1e92f18cbf33f	src/main/scala/coupledL2/utils/SplittedSRAM.scala:13:7	Mulan-PSL-2.0
RTL/deps/sram_array_1p256x104m13s1h0l1b_l2_meta.sv	53e4afabe638980a8cd7ab2251c58d1cd126a3c1c93cd46da75f45cc37ccda6e	eaa74cdae9d1418a04760bddd9765b54b849c889d3b99a11b7ec85ecc70302fe	trim-extra-eof-newline	./sram_array_1p256x104m13s1h0l1b_l2_meta.sv	no	yes	OpenXiangShan/Utility	bab34605babce74732f7f441c5d126a0869285bd	src/main/scala/utility/sram/SramProto.scala:99:2	Mulan-PSL-2.0 (per-file notice; repository has no root LICENSE at pin)
RTL/deps/SRAMTemplate_243.sv	13528f64e705d16232bf24a0debac3f5a5a088008a65a88e9d45aa20464f0fe0	1a345cb96f808a15b8f4a0a25a5c956a8dfde4fb85bbf890f68b77b592a63f3e	trim-extra-eof-newline	./SRAMTemplate_243.sv	no	yes	OpenXiangShan/Utility	bab34605babce74732f7f441c5d126a0869285bd	src/main/scala/utility/sram/SRAMTemplate.scala:203:7	Mulan-PSL-2.0 (per-file notice; repository has no root LICENSE at pin)
RTL/deps/sram_array_1p256x16m16s1h0l1b_l2_repl.sv	1008454d6401d9d1872df7c460826ecb74af14897fae4b5076ac50f165650f44	3f85ae9e040d9e0ec38eee79d0dc0457b9b9e062391d0db9ab10c062bf8c7c95	trim-extra-eof-newline	./sram_array_1p256x16m16s1h0l1b_l2_repl.sv	no	yes	OpenXiangShan/Utility	bab34605babce74732f7f441c5d126a0869285bd	src/main/scala/utility/sram/SramProto.scala:99:2	Mulan-PSL-2.0 (per-file notice; repository has no root LICENSE at pin)
RTL/deps/SRAMTemplate_244.sv	1bffb34062ae9a019a2416b31e9ac2d2350fd16beb4d667b798013bd06f3931a	ba5ca2d57930d01e813ad9d7a0978b821482beef33e3417fad3fb82e0d985062	trim-extra-eof-newline	./SRAMTemplate_244.sv	no	yes	OpenXiangShan/Utility	bab34605babce74732f7f441c5d126a0869285bd	src/main/scala/utility/sram/SRAMTemplate.scala:203:7	Mulan-PSL-2.0 (per-file notice; repository has no root LICENSE at pin)
RTL/deps/sram_array_1p256x8m1s1h0l1b_l2_orgb.sv	587a031d9919c98c67188c477a75a964ab3f797eccaeb78e67e14138a174c574	3c35ecfcc0d2bc25080c1f939c124a2c617e6d57f80161f96dd3e823d8e4a4ba	trim-extra-eof-newline	./sram_array_1p256x8m1s1h0l1b_l2_orgb.sv	no	yes	OpenXiangShan/Utility	bab34605babce74732f7f441c5d126a0869285bd	src/main/scala/utility/sram/SramProto.scala:99:2	Mulan-PSL-2.0 (per-file notice; repository has no root LICENSE at pin)
RTL/deps/SRAMTemplate_245.sv	21008888220180d94293df55e70013f4d6a0a85965a443785c0f90deac122063	e589b63111ead96159aaa65d197e73d3285b220826b2af1fe798a6d245917cf1	trim-extra-eof-newline	./SRAMTemplate_245.sv	no	yes	OpenXiangShan/Utility	bab34605babce74732f7f441c5d126a0869285bd	src/main/scala/utility/sram/SRAMTemplate.scala:203:7	Mulan-PSL-2.0 (per-file notice; repository has no root LICENSE at pin)
RTL/deps/L2Directory.sv	db2a31e66f14d7b711f8c1847bb8c9684d2c58fa4c57375152efcfe161fed7ff	a681d7deb599369a5988f39ddd93fa5ea45213b618be9f6509a96c4ef4058a8b	trim-extra-eof-newline	./L2Directory.sv	no	yes	OpenXiangShan/Utility	bab34605babce74732f7f441c5d126a0869285bd	src/main/scala/utility/mbist/MbistPipeline.scala:164:7	Mulan-PSL-2.0 (per-file notice; repository has no root LICENSE at pin)
RTL/deps/Directory.sv	b8c7611fe602a9100998934ae251313560b4da97d65a88a4a5ddb9a9eb15d3ef	083ecb7f1be18aa07ca538c90668239b89befea5e8c317cf57c02dd764d7cc7a	trim-extra-eof-newline	./Directory.sv	no	yes	OpenXiangShan/XSCache	54a2a7527f7366e3cb3fe378b1f1e92f18cbf33f	src/main/scala/coupledL2/Directory.scala:129:7	Mulan-PSL-2.0
RTL/deps/sram_array_1p2048x137m137s1h1l2b_l2_dat.sv	6f9536100ced28ecb4c6d060a38a3ee91324c2743e9a36c6cf5d5f0dfdfea7f7	73afa64ff86147d0664373b894864683a42e0572d38f835b22bca93c7d41c4a9	trim-extra-eof-newline	./sram_array_1p2048x137m137s1h1l2b_l2_dat.sv	no	yes	OpenXiangShan/Utility	bab34605babce74732f7f441c5d126a0869285bd	src/main/scala/utility/sram/SramProto.scala:99:2	Mulan-PSL-2.0 (per-file notice; repository has no root LICENSE at pin)
RTL/deps/SRAMTemplate_246.sv	7e2efdc3f5a396403e3846982d884c740b89bd291144558addd7f5d6cddf1f2d	d65a60be64ef062500de90c61584a77da576af175dfe8dea019b385557a44515	trim-extra-eof-newline	./SRAMTemplate_246.sv	no	yes	OpenXiangShan/Utility	bab34605babce74732f7f441c5d126a0869285bd	src/main/scala/utility/sram/SRAMTemplate.scala:203:7	Mulan-PSL-2.0 (per-file notice; repository has no root LICENSE at pin)
RTL/deps/SRAMTemplate_247.sv	3c29c58011ad8a322596bc378982e8cf0efd55e2e8ed19f3e7d5112124b5c433	52defe0636d81885a2f2aa854bd658ff9871742649b2910454e37dc5062b70e5	trim-extra-eof-newline	./SRAMTemplate_247.sv	no	yes	OpenXiangShan/Utility	bab34605babce74732f7f441c5d126a0869285bd	src/main/scala/utility/sram/SRAMTemplate.scala:203:7	Mulan-PSL-2.0 (per-file notice; repository has no root LICENSE at pin)
RTL/deps/ClockGate.sv	aa011546df177ee70291f8bad61dfdf6325bb73a283fd25825f524f9d01cfe5d	aa011546df177ee70291f8bad61dfdf6325bb73a283fd25825f524f9d01cfe5d	identity	./ClockGate.sv	yes	yes	OpenXiangShan/Utility	bab34605babce74732f7f441c5d126a0869285bd	src/main/scala/utility/ClockGate.scala:24:7	Mulan-PSL-2.0 (per-file notice; repository has no root LICENSE at pin)
RTL/deps/ClockMux.sv	4060c41171d075acfc94f1150b36a683501dc60650465fb29870e3eed8d5272e	88fab7217c0c97d2d45f1b8d95fabae267fdc1f19150c7297618883fe2ba6056	trim-extra-eof-newline	./ClockMux.sv	no	yes	OpenXiangShan/Utility	bab34605babce74732f7f441c5d126a0869285bd	src/main/scala/utility/ClockMux.scala:21:7	Mulan-PSL-2.0 (per-file notice; repository has no root LICENSE at pin)
RTL/deps/MbistClockGateCell_186.sv	f19ab95e6acdfecf671a0744881d0422cb13e1845e479d72356a1598fe70ab8e	bb1c49a329b2b6b9eff42abfa865e0247d686d0e4176500fe578477a14925e79	trim-extra-eof-newline	./MbistClockGateCell_186.sv	no	yes	OpenXiangShan/Utility	bab34605babce74732f7f441c5d126a0869285bd	src/main/scala/utility/mbist/MbistClockGateCell.scala:35:7	Mulan-PSL-2.0 (per-file notice; repository has no root LICENSE at pin)
RTL/deps/GatedSplittedSRAM.sv	e4f7fe176d4741d5e3fb6aada677bfc717ab5e45a2e42118f1e0189725b53d5b	1ac41fe21bb66cbd0bcfd10baabd305e962436272f37bbedd6beceb2d7a5a2e5	trim-extra-eof-newline	./GatedSplittedSRAM.sv	no	yes	OpenXiangShan/XSCache	54a2a7527f7366e3cb3fe378b1f1e92f18cbf33f	src/main/scala/coupledL2/utils/GatedSplittedSRAM.scala:14:7	Mulan-PSL-2.0
RTL/deps/L2DataStorage.sv	3f84f9c98e98cc4dcb7c1c4f02b1efc3f2c77e9b02ddd5d13280e3c092486c41	27f2327e1ee625da3a409189c77d63c4b1c2c79e2a86892da4c55e756a670de8	trim-extra-eof-newline	./L2DataStorage.sv	no	yes	OpenXiangShan/Utility	bab34605babce74732f7f441c5d126a0869285bd	src/main/scala/utility/mbist/MbistPipeline.scala:164:7	Mulan-PSL-2.0 (per-file notice; repository has no root LICENSE at pin)
RTL/deps/DataStorage.sv	a1592701cb53687202df0a9d4a403a6392be98eea190b0a5d8549ad95f58fcbb	b7f70254ebd9a935bf070f7e0c33de3eb26a476f6e57f69de9a58eb9948ddd7d	trim-extra-eof-newline	./DataStorage.sv	no	yes	OpenXiangShan/XSCache	54a2a7527f7366e3cb3fe378b1f1e92f18cbf33f	src/main/scala/coupledL2/DataStorage.scala:50:7	Mulan-PSL-2.0
RTL/deps/MSHRBuffer.sv	9872f3d34cfa7a3cd200c367f4e7a2b22ba11c06ac1cd64a52eef079296badf7	aaec2be28910c0e2817ebb973c328e074f799d4839afcff9025a11f72e2cca12	trim-extra-eof-newline	./MSHRBuffer.sv	no	yes	OpenXiangShan/XSCache	54a2a7527f7366e3cb3fe378b1f1e92f18cbf33f	src/main/scala/coupledL2/MSHRBuffer.scala:40:7	Mulan-PSL-2.0
RTL/deps/MSHRBuffer_1.sv	7ff57655074451cce7ad0dac0bb6554ed5eac16d107ba8ba7253c5a3f9406777	d0d885836cdd3652cfc617c48b62b73d7260c12827b8380371addefb91c1ee8f	trim-extra-eof-newline	./MSHRBuffer_1.sv	no	yes	OpenXiangShan/XSCache	54a2a7527f7366e3cb3fe378b1f1e92f18cbf33f	src/main/scala/coupledL2/MSHRBuffer.scala:40:7	Mulan-PSL-2.0
RTL/deps/RequestArb.sv	99a1baf39db8cf5b1fc17a7927bd7036d7879419e3db76ab735693d2875d6a36	01d3cc5ea258d0ea9c2be49dc86a6d9f5c2a8804ab1e46039879e84bbf4519c0	trim-extra-eof-newline	./RequestArb.sv	no	yes	OpenXiangShan/XSCache	54a2a7527f7366e3cb3fe378b1f1e92f18cbf33f	src/main/scala/coupledL2/RequestArb.scala:29:7	Mulan-PSL-2.0
RTL/deps/ram_16x9.sv	3e37d29c71cb7f06b85907f5d37691647df85ca1e5908060849d7c64fe1596bc	a9d8362556ed7d4de0c41e69d4296c259e0a6da1e1416b5ab8498e4de896a58b	trim-extra-eof-newline	./ram_16x9.sv	no	yes	CIRCT memory lowering from Chisel Queue	chipsalliance/chisel@42f1a1e1a9f6bbf940344113da155d77499dcaa7; llvm/circt@4d750dbb2971d5f97e2fc48c700e01e460a5bdc8	src/main/scala/chisel3/util/Queue.scala (parent Queue module; generated memory has no direct FIR locator)	Apache-2.0 (Queue.scala source)
RTL/deps/Queue16_HintQueueEntry.sv	3c9a79be88de076c5a451154d26a4286d71ebc04b812d12f3b29585776e44b04	43bb24c8782253f6b50fc6259556d13d8a0bb516fbe80dbfd0fcf3ba53a890aa	trim-extra-eof-newline	./Queue16_HintQueueEntry.sv	no	yes	chipsalliance/chisel	v7.3.0@42f1a1e1a9f6bbf940344113da155d77499dcaa7	src/main/scala/chisel3/util/Queue.scala:60:7	Apache-2.0
RTL/deps/Queue1_HintQueueEntry.sv	d884527f7f11c485118a9acfec0d40e2b59c1a0472a5143130c708e0fcfadbb7	3781aa65668dbb1d4b5b700604bc7315d37deddde02f84d3a557b8f4d2a0d4a6	trim-extra-eof-newline	./Queue1_HintQueueEntry.sv	no	yes	chipsalliance/chisel	v7.3.0@42f1a1e1a9f6bbf940344113da155d77499dcaa7	src/main/scala/chisel3/util/Queue.scala:60:7	Apache-2.0
RTL/deps/Pipeline_6.sv	0513dc97e5ca82380a5cc5cd8dffd9d3a3cec9e292d8cddff1974bd90fe1ef60	722a07affde70d48fed18c55f0391898882a0153749ea8a940c2bcf79c290694	trim-extra-eof-newline	./Pipeline_6.sv	no	yes	OpenXiangShan/Utility	bab34605babce74732f7f441c5d126a0869285bd	src/main/scala/utility/Pipeline.scala:22:7	Mulan-PSL-2.0 (per-file notice; repository has no root LICENSE at pin)
RTL/deps/Arbiter3_HintQueueEntry.sv	32112abd1d47ea63536f896004b582979b2042fe773180d9f7fd2c0165a1f63c	99d7639d63945a9757662d7c0f40982d1d5c4199d5005edd498134dde6a8eb96	trim-extra-eof-newline	./Arbiter3_HintQueueEntry.sv	no	yes	chipsalliance/chisel	v7.3.0@42f1a1e1a9f6bbf940344113da155d77499dcaa7	src/main/scala/chisel3/util/Arbiter.scala:149:7	Apache-2.0
RTL/deps/CustomL1Hint.sv	0a93f8f2ee2810f5b81336d9f079f395726ce7983fd1325b6c82e4ea6defdeef	b7424dd6009e0ebb938962b396d4a2a797d4ca80cac6a1d31211db897bb67f3c	trim-extra-eof-newline	./CustomL1Hint.sv	no	yes	OpenXiangShan/XSCache	54a2a7527f7366e3cb3fe378b1f1e92f18cbf33f	src/main/scala/coupledL2/CustomL1Hint.scala:51:7	Mulan-PSL-2.0
RTL/deps/Arbiter3_TaskWithData.sv	57aad82fa83397778f3d2b981df6fab6fdba5acf0b13d61ca9689639d791d575	f99debb949ba68dc4d7fab430f81c94f87a9c1c79650e573cb5ce8cf3279864f	trim-extra-eof-newline	./Arbiter3_TaskWithData.sv	no	yes	chipsalliance/chisel	v7.3.0@42f1a1e1a9f6bbf940344113da155d77499dcaa7	src/main/scala/chisel3/util/Arbiter.scala:149:7	Apache-2.0
RTL/deps/Arbiter3_CHIREQ.sv	4569e095eb4ab94cb1d8f607213c2c3e284b3eaed57ff646fce6b5d476c16088	6ea29b5f012faaa48cde17e0a7ef370e581baa868e0fe939b6278aab390e4253	trim-extra-eof-newline	./Arbiter3_CHIREQ.sv	no	yes	chipsalliance/chisel	v7.3.0@42f1a1e1a9f6bbf940344113da155d77499dcaa7	src/main/scala/chisel3/util/Arbiter.scala:149:7	Apache-2.0
RTL/deps/Arbiter3_TaskBundle.sv	07cf4dbd2812ccce9fc9e75439d1256978e6c1409cfb0d47f840179897add385	6e4fdd16538028d0851a3034f8500290cf56deef8baf43f5e09aa05274a50265	trim-extra-eof-newline	./Arbiter3_TaskBundle.sv	no	yes	chipsalliance/chisel	v7.3.0@42f1a1e1a9f6bbf940344113da155d77499dcaa7	src/main/scala/chisel3/util/Arbiter.scala:149:7	Apache-2.0
RTL/deps/MainPipe_1.sv	ed95ab8ef4972c9aa581ca41b707b5b80640d75874e5a9ead749086bf3f16ab6	351fe1478de686aa4fecadbf02ecd704e4644093998380ec47334ff132e03557	trim-extra-eof-newline	./MainPipe_1.sv	no	yes	OpenXiangShan/XSCache	54a2a7527f7366e3cb3fe378b1f1e92f18cbf33f	src/main/scala/coupledL2/MainPipe.scala:33:7	Mulan-PSL-2.0
RTL/deps/FastArbiter_12.sv	2c804dfa041845e6fca169f223e67f09b3529b673b0ac56bc5a88fa45cc420bf	ad607c0897cb3c78b741203e4cd65f74e9f18bd53edc3fc1f9e0fa16543c2c48	trim-extra-eof-newline	./FastArbiter_12.sv	no	yes	OpenXiangShan/Utility	bab34605babce74732f7f441c5d126a0869285bd	src/main/scala/utility/FastArbiter.scala:30:7	Mulan-PSL-2.0 (per-file notice; repository has no root LICENSE at pin)
RTL/deps/TwoLevelRRArbiter_5.sv	0f717db453519fed949d08149ca7424e7df4822c6e7a7aabe6071ad4553d4600	56433e5842fccdb11cdd8fb83a5977bcb0418abaec9e40a40029b9d76024cc77	trim-extra-eof-newline	./TwoLevelRRArbiter_5.sv	no	yes	OpenXiangShan/Utility	bab34605babce74732f7f441c5d126a0869285bd	src/main/scala/utility/FastArbiter.scala:108:7	Mulan-PSL-2.0 (per-file notice; repository has no root LICENSE at pin)
RTL/deps/Queue1_ChosenQBundle.sv	b8502a1e9e07bd8662fd8edbda630f78a9a4eeaf6e345f7b9deeada2e3effa6b	9385019fd96985034d826ebbd78d0ee143eabdf38df3c6412120f2577ecb5c42	trim-extra-eof-newline	./Queue1_ChosenQBundle.sv	no	yes	chipsalliance/chisel	v7.3.0@42f1a1e1a9f6bbf940344113da155d77499dcaa7	src/main/scala/chisel3/util/Queue.scala:60:7	Apache-2.0
RTL/deps/RequestBuffer.sv	5323cfa8c91185c6bcb19998be49cf2a6cda777cc0cb1aae2bf5b1fe1e48cee4	c44c229fe148303221fcb4f73110015aaa51ad0d4c26bc2c2045cf8e27b299b3	trim-extra-eof-newline	./RequestBuffer.sv	no	yes	OpenXiangShan/XSCache	54a2a7527f7366e3cb3fe378b1f1e92f18cbf33f	src/main/scala/coupledL2/RequestBuffer.scala:71:7	Mulan-PSL-2.0
RTL/deps/MSHR.sv	0b2feca3c50543c4603a18ce696475ef6441dc41babc6ba3b78db48a1be0fa2d	ffc6c9884b0d40f63217a487ef85df67a23a1e04221bd8a6664c6af53c6e22a6	trim-extra-eof-newline	./MSHR.sv	no	yes	OpenXiangShan/XSCache	54a2a7527f7366e3cb3fe378b1f1e92f18cbf33f	src/main/scala/coupledL2/MSHR.scala:51:7	Mulan-PSL-2.0
RTL/deps/MSHRSelector.sv	edf41bfad9a1dd4785c5933e3ae7ac1bc0cd3cab147b40674d3505e9ff001ce9	b110ba4a787f039e1c45d17e5001abbb9a517e570f559ee8b7ef785d9c63fa6a	trim-extra-eof-newline	./MSHRSelector.sv	no	yes	OpenXiangShan/XSCache	54a2a7527f7366e3cb3fe378b1f1e92f18cbf33f	src/main/scala/coupledL2/MSHRCtl.scala:95:9	Mulan-PSL-2.0
RTL/deps/FastArbiter_16.sv	b60b9714a29aa6c64c704b3054da953c8c331d0b6f82892c00b83f2733785356	e72c12d35d3d7b23c85e8669e3a736ea03ee16570e20fa73c0f1cb531226ef8a	trim-extra-eof-newline	./FastArbiter_16.sv	no	yes	OpenXiangShan/Utility	bab34605babce74732f7f441c5d126a0869285bd	src/main/scala/utility/FastArbiter.scala:30:7	Mulan-PSL-2.0 (per-file notice; repository has no root LICENSE at pin)
RTL/deps/TwoLevelRRArbiter_7.sv	dbf5b8cb2cd54a9b15d7ee1ea11f918026ca6f9a4de6bcd527daa5d9f9066250	a2143f294de5f9532f4409fad27fff08ee958df4572bf79d0e00bb966bf0aec8	trim-extra-eof-newline	./TwoLevelRRArbiter_7.sv	no	yes	OpenXiangShan/Utility	bab34605babce74732f7f441c5d126a0869285bd	src/main/scala/utility/FastArbiter.scala:108:7	Mulan-PSL-2.0 (per-file notice; repository has no root LICENSE at pin)
RTL/deps/FastArbiter_18.sv	770b581549a3931245966f1e949a06040d168c7740476d5631cb455232cca393	5e7a49d11db8b217bd14dd34d72a8e3cb6def58f38ba9ced54b1d180b01c8061	trim-extra-eof-newline	./FastArbiter_18.sv	no	yes	OpenXiangShan/Utility	bab34605babce74732f7f441c5d126a0869285bd	src/main/scala/utility/FastArbiter.scala:30:7	Mulan-PSL-2.0 (per-file notice; repository has no root LICENSE at pin)
RTL/deps/TwoLevelRRArbiter_8.sv	a64186f540af5339151b6dfedac98e7d692df574683a098f09dfcb50e284c709	e0eb0555929398030ab4b9b090b81678d2cf78b614f50cdd9469c9a406a24d13	trim-extra-eof-newline	./TwoLevelRRArbiter_8.sv	no	yes	OpenXiangShan/Utility	bab34605babce74732f7f441c5d126a0869285bd	src/main/scala/utility/FastArbiter.scala:108:7	Mulan-PSL-2.0 (per-file notice; repository has no root LICENSE at pin)
RTL/deps/SourceB.sv	748fd61ce8dc52662acd7b09f0174fcb61248ce5b88bd9e059bc969c9f4f0d2e	43481234736a26bfe63cdab567dfd4ec365185d1c7f29f2a89e477dc6bc17537	trim-extra-eof-newline	./SourceB.sv	no	yes	OpenXiangShan/XSCache	54a2a7527f7366e3cb3fe378b1f1e92f18cbf33f	src/main/scala/coupledL2/SourceB.scala:43:7	Mulan-PSL-2.0
RTL/deps/FastArbiter_20.sv	ea6f82f823e4b48bab4a23f1b6f5b017b7bf3af182835f41a2347ec2668caff4	4aa176c4ca8dbc5752714d97762a7eb63ad75491b759ef77f3c136896aed6359	trim-extra-eof-newline	./FastArbiter_20.sv	no	yes	OpenXiangShan/Utility	bab34605babce74732f7f441c5d126a0869285bd	src/main/scala/utility/FastArbiter.scala:30:7	Mulan-PSL-2.0 (per-file notice; repository has no root LICENSE at pin)
RTL/deps/TwoLevelRRArbiter_9.sv	9f40dd0820dec762fd4e95364444e3055b5a9dfa2c75e250dde32ee6c9bcb69a	c887500fd5eec4e7115215049d862f2f06853ed29b20dd384a695103c74ade04	trim-extra-eof-newline	./TwoLevelRRArbiter_9.sv	no	yes	OpenXiangShan/Utility	bab34605babce74732f7f441c5d126a0869285bd	src/main/scala/utility/FastArbiter.scala:108:7	Mulan-PSL-2.0 (per-file notice; repository has no root LICENSE at pin)
RTL/deps/FastArbiter_22.sv	e2ea8113c6869edf8e1a4f73a459f5aa98e812205059f625ad002506db1f09f4	eab91a93803d1250585f4091cc13effa62ee806e2b479d96ea3f235fc3cda939	trim-extra-eof-newline	./FastArbiter_22.sv	no	yes	OpenXiangShan/Utility	bab34605babce74732f7f441c5d126a0869285bd	src/main/scala/utility/FastArbiter.scala:30:7	Mulan-PSL-2.0 (per-file notice; repository has no root LICENSE at pin)
RTL/deps/TwoLevelRRArbiter_10.sv	bb9b7aad0a2ca3b25cf5c24f890bd51794f5d41ffe1396b58237110d2e9f69cb	123f44ec3305a423e38e20698d229da2334fe3c75faf194d1b95df3b1b53ef5e	trim-extra-eof-newline	./TwoLevelRRArbiter_10.sv	no	yes	OpenXiangShan/Utility	bab34605babce74732f7f441c5d126a0869285bd	src/main/scala/utility/FastArbiter.scala:108:7	Mulan-PSL-2.0 (per-file notice; repository has no root LICENSE at pin)
RTL/deps/MSHRCtl.sv	dde6e0c5d9ada6f4e6ae81a20388ecbdd957e18cc39692fe24c16a9df95502d9	2aa0ca731c23e6dc2bfed5f288680eb538ea71d3499fc649bfa5309f5f06224e	trim-extra-eof-newline	./MSHRCtl.sv	no	yes	OpenXiangShan/XSCache	54a2a7527f7366e3cb3fe378b1f1e92f18cbf33f	src/main/scala/coupledL2/MSHRCtl.scala:32:7	Mulan-PSL-2.0
RTL/deps/L2Slice.sv	c9cd234040cb03dd4c5d60356e902fec3094f09c2033116b28134d712f514d45	cf0515bf88c04c2c7f17b75a902ecb071d9aee10042e147df1e31b329204effb	trim-extra-eof-newline	./L2Slice.sv	no	yes	OpenXiangShan/Utility	bab34605babce74732f7f441c5d126a0869285bd	src/main/scala/utility/mbist/MbistPipeline.scala:164:7	Mulan-PSL-2.0 (per-file notice; repository has no root LICENSE at pin)
RTL/deps/Slice.sv	a37b3819a9ee61646569d5f22cd6ace20fbf2fc9e5bed3aeb8e1657b2bda4e02	99f7218fd3a61ee5db9b26e49a6119199e7772d8377ad1c0933c1128f07910bd	trim-extra-eof-newline	./Slice.sv	no	yes	OpenXiangShan/XSCache	54a2a7527f7366e3cb3fe378b1f1e92f18cbf33f	src/main/scala/coupledL2/Slice.scala:31:7	Mulan-PSL-2.0
RTL/deps/Queue1_PrefetchTrain.sv	470b764e0a46e9164f357cf06310c960e2c7e37fe7c1fb07ea4d9aa1707a218b	1b00f549f07a2774548d520ccca9257fa39480b6f7cf44879562287d79cb6a87	trim-extra-eof-newline	./Queue1_PrefetchTrain.sv	no	yes	chipsalliance/chisel	v7.3.0@42f1a1e1a9f6bbf940344113da155d77499dcaa7	src/main/scala/chisel3/util/Queue.scala:60:7	Apache-2.0
RTL/deps/Pipeline_7.sv	304e258377879f325353a1cf2bfab777f8135188be9b3427e51df1129695c922	75a429684fa2ece17a89dacc505a508ad2c11eb773c04cae478ae8ce0a4d4eee	trim-extra-eof-newline	./Pipeline_7.sv	no	yes	OpenXiangShan/Utility	bab34605babce74732f7f441c5d126a0869285bd	src/main/scala/utility/Pipeline.scala:22:7	Mulan-PSL-2.0 (per-file notice; repository has no root LICENSE at pin)
RTL/deps/Queue1_PrefetchResp.sv	15a363b4c08d1c538262d101163721479f8fccd2d4d469cbffcea67b874e3e18	e857e5ab4d9ee694afe1916dfac2e2e0dbb7078512f1751666560380bb6f32d9	trim-extra-eof-newline	./Queue1_PrefetchResp.sv	no	yes	chipsalliance/chisel	v7.3.0@42f1a1e1a9f6bbf940344113da155d77499dcaa7	src/main/scala/chisel3/util/Queue.scala:60:7	Apache-2.0
RTL/deps/Pipeline_8.sv	18f33bed9d428b7fdc24745c4ab8cd8ca35f71311ac9e35783c8300b7803c1fb	4d4eb495da675e6054d629be15a025eeb74a0a00fe40808f5a0568f1f2e7955e	trim-extra-eof-newline	./Pipeline_8.sv	no	yes	OpenXiangShan/Utility	bab34605babce74732f7f441c5d126a0869285bd	src/main/scala/utility/Pipeline.scala:22:7	Mulan-PSL-2.0 (per-file notice; repository has no root LICENSE at pin)
RTL/deps/FastArbiter_24.sv	0a99625ea4cae0ecdad35929dd6345fb5a8ec44d23a5eefe9b2aaff238cb3144	88d8908a92739b565c03a5e25a5442abf9b624d3918f40bec4618627a402724e	trim-extra-eof-newline	./FastArbiter_24.sv	no	yes	OpenXiangShan/Utility	bab34605babce74732f7f441c5d126a0869285bd	src/main/scala/utility/FastArbiter.scala:30:7	Mulan-PSL-2.0 (per-file notice; repository has no root LICENSE at pin)
RTL/deps/TwoLevelRRArbiter_11.sv	bb2d66a88a268a73b535c9cf20dada7f35731a5da28bbe746ecb0dafd6d39259	9c84e4a12b54ce2096a71f26efdf1e7ab96fd2638973414b817350217eaea024	trim-extra-eof-newline	./TwoLevelRRArbiter_11.sv	no	yes	OpenXiangShan/Utility	bab34605babce74732f7f441c5d126a0869285bd	src/main/scala/utility/FastArbiter.scala:108:7	Mulan-PSL-2.0 (per-file notice; repository has no root LICENSE at pin)
RTL/deps/FastArbiter_26.sv	442e35c194173c8d35851081d468c009d205bb63f570e3052076020e37f68178	72ff5b0ca61a6a47ab611b9f0a869fed8de9d18afbb39e0acba389a8763cdcde	trim-extra-eof-newline	./FastArbiter_26.sv	no	yes	OpenXiangShan/Utility	bab34605babce74732f7f441c5d126a0869285bd	src/main/scala/utility/FastArbiter.scala:30:7	Mulan-PSL-2.0 (per-file notice; repository has no root LICENSE at pin)
RTL/deps/FastArbiter_27.sv	7bb764e255598bfc1b18340841e78bad32551a490deb92fb1d49c4631728bfe2	1563ce2879d7bbe19d6c90b96c91c0cf221d05da784ac457f5cc4095b2014d6a	trim-extra-eof-newline	./FastArbiter_27.sv	no	yes	OpenXiangShan/Utility	bab34605babce74732f7f441c5d126a0869285bd	src/main/scala/utility/FastArbiter.scala:30:7	Mulan-PSL-2.0 (per-file notice; repository has no root LICENSE at pin)
RTL/deps/ram_30x15.sv	e62008d1f84ea8a20f2dd33f5dcae3a11a044648bace96ccd8c9289a87b3e19d	82c0eb6eebdb56b4594d0deb3347234bc8eed4fd68b481ffca0269069c9603ef	trim-extra-eof-newline	./ram_30x15.sv	no	yes	CIRCT memory lowering from Chisel Queue	chipsalliance/chisel@42f1a1e1a9f6bbf940344113da155d77499dcaa7; llvm/circt@4d750dbb2971d5f97e2fc48c700e01e460a5bdc8	src/main/scala/chisel3/util/Queue.scala (parent Queue module; generated memory has no direct FIR locator)	Apache-2.0 (Queue.scala source)
RTL/deps/Queue30_PCrdGranted.sv	95a0fadc9ce8ada54880a3940b919b896da8a29675fbee0bf02c9662c72b167a	9596bebd46a1b7a98e7fb725c7d91aa3aec52eb4e2a1ca6eda98d41b9ec9381c	trim-extra-eof-newline	./Queue30_PCrdGranted.sv	no	yes	chipsalliance/chisel	v7.3.0@42f1a1e1a9f6bbf940344113da155d77499dcaa7	src/main/scala/chisel3/util/Queue.scala:60:7	Apache-2.0
RTL/deps/ram_2x15.sv	b7856bef427f6b27b7f8e1cc20c7e475e7db9b97ac918c729f4452162a77b85d	c613f002fa06e716580bf74a9860d8881c5efe4de2e9228bf5c90aea1815375d	trim-extra-eof-newline	./ram_2x15.sv	no	yes	CIRCT memory lowering from Chisel Queue	chipsalliance/chisel@42f1a1e1a9f6bbf940344113da155d77499dcaa7; llvm/circt@4d750dbb2971d5f97e2fc48c700e01e460a5bdc8	src/main/scala/chisel3/util/Queue.scala (parent Queue module; generated memory has no direct FIR locator)	Apache-2.0 (Queue.scala source)
RTL/deps/Queue2_PCrdGranted.sv	e9c075b995b7f3d4e7ec5d41f87813fd63cdd565ee4aee9d8f4f77f3edce3fc9	639cf47432d0a9f770b10caeb89e0ef6ad955355129983650ca5f78871e517dc	trim-extra-eof-newline	./Queue2_PCrdGranted.sv	no	yes	chipsalliance/chisel	v7.3.0@42f1a1e1a9f6bbf940344113da155d77499dcaa7	src/main/scala/chisel3/util/Queue.scala:60:7	Apache-2.0
RTL/deps/FastArbiter_28.sv	7296694fba7078da39a930255140dfb9cea5c4e40bb10ce7b0f852191de4371b	80d9365848ebbfe6f5334607489aa0f012beec755d14b9231ebdec24b2488021	trim-extra-eof-newline	./FastArbiter_28.sv	no	yes	OpenXiangShan/Utility	bab34605babce74732f7f441c5d126a0869285bd	src/main/scala/utility/FastArbiter.scala:30:7	Mulan-PSL-2.0 (per-file notice; repository has no root LICENSE at pin)
RTL/deps/TwoLevelRRArbiter_12.sv	46efc98f42b14cd51787af19464dd13cf0325cf86306d8d090a75918d68c7d99	ad283ae13ae798fde2ce8ae9cd0884dd694b0a1d07ce3ec783df03332d655990	trim-extra-eof-newline	./TwoLevelRRArbiter_12.sv	no	yes	OpenXiangShan/Utility	bab34605babce74732f7f441c5d126a0869285bd	src/main/scala/utility/FastArbiter.scala:108:7	Mulan-PSL-2.0 (per-file notice; repository has no root LICENSE at pin)
RTL/deps/Decoupled2LCredit.sv	56932136772881147f31c3e5d6f9ed0b62ca0242289a89d194ef53a1dc3c076f	bf06dd821f9dd8af1cdb17b836d3f32a3d2bff7d7dd3ba9db354eea9d249cb20	trim-extra-eof-newline	./Decoupled2LCredit.sv	no	yes	OpenXiangShan/XSCache	54a2a7527f7366e3cb3fe378b1f1e92f18cbf33f	src/main/scala/xscache/chi/LinkLayer.scala:256:7	Mulan-PSL-2.0
RTL/deps/Decoupled2LCredit_1.sv	215c47193c2d231f08513dc66b14b054d708ba59b4d2c1b217b9cdfcd4083bcf	355d9c55d84ee68aadd947997cf19ced1559fbed6a6d6dd02db5cff788881ba6	trim-extra-eof-newline	./Decoupled2LCredit_1.sv	no	yes	OpenXiangShan/XSCache	54a2a7527f7366e3cb3fe378b1f1e92f18cbf33f	src/main/scala/xscache/chi/LinkLayer.scala:256:7	Mulan-PSL-2.0
RTL/deps/Decoupled2LCredit_2.sv	3c79009e8f0e7b7eabde23a91f8fe83ef5c249919b2272cc1ac54e38c4e41dba	cc8ee867d71719a29736fda61940ec5806e800bbdabd2007714215f41328f805	trim-extra-eof-newline	./Decoupled2LCredit_2.sv	no	yes	OpenXiangShan/XSCache	54a2a7527f7366e3cb3fe378b1f1e92f18cbf33f	src/main/scala/xscache/chi/LinkLayer.scala:256:7	Mulan-PSL-2.0
RTL/deps/ram_4x115.sv	fe846e93950282cb3125a672bfa80616ea47f03c3d61f516471078b94a27d15e	07dc2a1458b6c2b233d85c8d1f8aa2477c81acdd01937844cf70c9b0fbe5e1a6	trim-extra-eof-newline	./ram_4x115.sv	no	yes	CIRCT memory lowering from Chisel Queue	chipsalliance/chisel@42f1a1e1a9f6bbf940344113da155d77499dcaa7; llvm/circt@4d750dbb2971d5f97e2fc48c700e01e460a5bdc8	src/main/scala/chisel3/util/Queue.scala (parent Queue module; generated memory has no direct FIR locator)	Apache-2.0 (Queue.scala source)
RTL/deps/Queue4_CHISNP.sv	d4ccea7eb74dd3a2c96fd8e8fe60033e7cc09e6226e96be2700c406f167d280d	fea27ed7d1608c3f85a64a2104a4fe6d988b6307f25c44a19cb2171127b2e2cf	trim-extra-eof-newline	./Queue4_CHISNP.sv	no	yes	chipsalliance/chisel	v7.3.0@42f1a1e1a9f6bbf940344113da155d77499dcaa7	src/main/scala/chisel3/util/Queue.scala:60:7	Apache-2.0
RTL/deps/LCredit2Decoupled.sv	c394bb1823ad281c840f750c9e43d44f9c3091dfc43d24af0ecdc5b367df7d89	495ee3b7fce58417deddc73da478841a988a4cfdfbc9d755c7a26083af6424a2	trim-extra-eof-newline	./LCredit2Decoupled.sv	no	yes	OpenXiangShan/XSCache	54a2a7527f7366e3cb3fe378b1f1e92f18cbf33f	src/main/scala/xscache/chi/LinkLayer.scala:131:7	Mulan-PSL-2.0
RTL/deps/LCredit2Decoupled_1.sv	58f60df899042881dd62535af6aff55193fb9ef09157456ef5c36578f4ec44e2	32d2085b8707e15a8e3d1e78139250d612c7a82ccb29c57b582b98ba83a075ae	trim-extra-eof-newline	./LCredit2Decoupled_1.sv	no	yes	OpenXiangShan/XSCache	54a2a7527f7366e3cb3fe378b1f1e92f18cbf33f	src/main/scala/xscache/chi/LinkLayer.scala:131:7	Mulan-PSL-2.0
RTL/deps/LCredit2Decoupled_2.sv	ab109ee7da825c0b96978c809df001cff4f714b7447bd8b2919b780d9a4a43c2	e188504ac7c062375401c2415c5290ab3ec78357a656e25863e6074d4b659a5e	trim-extra-eof-newline	./LCredit2Decoupled_2.sv	no	yes	OpenXiangShan/XSCache	54a2a7527f7366e3cb3fe378b1f1e92f18cbf33f	src/main/scala/xscache/chi/LinkLayer.scala:131:7	Mulan-PSL-2.0
RTL/deps/LinkMonitor.sv	10a6582500229446f3c4be5fd53d65e123c6e7ac0c5ccbe8902d8a7a10ae9d3f	acc88a735d2bc2b74f323d25fe88bd40ad6ffe6862c1e445483499cdb4ce9ae4	trim-extra-eof-newline	./LinkMonitor.sv	no	yes	OpenXiangShan/XSCache	54a2a7527f7366e3cb3fe378b1f1e92f18cbf33f	src/main/scala/coupledL2/LinkMonitor.scala:25:7	Mulan-PSL-2.0
RTL/deps/Queue1_CHIDAT.sv	4ab6e36456ce376fbfb4686210811cb1413e46279afdccf15408f1802cff7683	77518262103943a5c434e9af52c76a0d390e09666928ae641dfd29804ffe75e0	trim-extra-eof-newline	./Queue1_CHIDAT.sv	no	yes	chipsalliance/chisel	v7.3.0@42f1a1e1a9f6bbf940344113da155d77499dcaa7	src/main/scala/chisel3/util/Queue.scala:60:7	Apache-2.0
RTL/deps/Pipeline_9.sv	64f9dc0a29a3ec0c72d798ecd85cad7ef177fc8f504910cb63b92e5ed23168af	7f4966bc525a8850395f60d94bcb5a04adc0519173dc63d37e3ec407c1eb9dbd	trim-extra-eof-newline	./Pipeline_9.sv	no	yes	OpenXiangShan/Utility	bab34605babce74732f7f441c5d126a0869285bd	src/main/scala/utility/Pipeline.scala:22:7	Mulan-PSL-2.0 (per-file notice; repository has no root LICENSE at pin)
RTL/deps/Queue1_CHIRSP.sv	feefcdfcc0b487dba213c5ee56704595f08cbe0dd9c88b8388cadd06b408e9aa	bc243adae5ea2071c9831152eab2b84f12b80e851be07780cb856f42851add57	trim-extra-eof-newline	./Queue1_CHIRSP.sv	no	yes	chipsalliance/chisel	v7.3.0@42f1a1e1a9f6bbf940344113da155d77499dcaa7	src/main/scala/chisel3/util/Queue.scala:60:7	Apache-2.0
RTL/deps/Pipeline_10.sv	55778fc33b90cd8e24d0b41052aa079d556a08a01ba071e137b10f5d1a64d082	119eb1c37f3e082ff28888a8a8b19643007a3e7dabdf980f5644cc2a519943d9	trim-extra-eof-newline	./Pipeline_10.sv	no	yes	OpenXiangShan/Utility	bab34605babce74732f7f441c5d126a0869285bd	src/main/scala/utility/Pipeline.scala:22:7	Mulan-PSL-2.0 (per-file notice; repository has no root LICENSE at pin)
RTL/deps/Arbiter1_L2CacheErrorInfo.sv	fa6658193ffa57e5f68a277584102621650bdd1db274f642df2768db6a1ac425	7988282438b1c8e1031a0b3d93e5c363c497e3a84db5f9de403d94e5de4e8365	trim-extra-eof-newline	./Arbiter1_L2CacheErrorInfo.sv	no	yes	chipsalliance/chisel	v7.3.0@42f1a1e1a9f6bbf940344113da155d77499dcaa7	src/main/scala/chisel3/util/Arbiter.scala:149:7	Apache-2.0
RTL/deps/L2Cache.sv	4260141f104ad9b5171b0b0909a18b56a6d0b02b11ff3bff43da295d080ec572	098ace6482dc50922465dc76aface116f4915971a42057cdacedc666fbb874a7	trim-extra-eof-newline	./L2Cache.sv	no	yes	OpenXiangShan/Utility	bab34605babce74732f7f441c5d126a0869285bd	src/main/scala/utility/mbist/MbistPipeline.scala:164:7	Mulan-PSL-2.0 (per-file notice; repository has no root LICENSE at pin)
RTL/deps/MbistIntfL2.sv	e55349aa83d9779f7bbb90540c651b71ca5e2a52ef98009e1f3f284ebd5c4147	40df96ad5d02611ab8c3a436a8be3fe24c56c58067bd1a6e52e419ff59da718e	trim-extra-eof-newline	./MbistIntfL2.sv	no	yes	OpenXiangShan/Utility	bab34605babce74732f7f441c5d126a0869285bd	src/main/scala/utility/mbist/MbistPipeline.scala:52:7	Mulan-PSL-2.0 (per-file notice; repository has no root LICENSE at pin)
RTL/CoupledL2.sv	fcb751d162cc928495351e1a39e47db06b4bf47733b61154cf62e5b5e3d3fdf1	a1862a6e175741625b4365e0e891e7d98e102b370250dd4e903369b77e03c1b1	trim-extra-eof-newline	./CoupledL2.sv	no	yes	OpenXiangShan/XSCache	54a2a7527f7366e3cb3fe378b1f1e92f18cbf33f	src/main/scala/coupledL2/CoupledL2.scala:356:9	Mulan-PSL-2.0 + Apache-2.0 (file also references LICENSE.SiFive)
